1400S;00;27;"Anl0120131";"";3101;4822;;;0;0;"Abschreibung";"";0;EUR;1400;EUR;0
8200S;00;200;"Anl0120131";"";3101;4830;;;0;0;"Abschreibung";"";0;EUR;8200;EUR;0
2500S;00;420;"Anl0120131";"";3101;4830;;;0;0;"Abschreibung";"";0;EUR;2500;EUR;0
100S;00;9000;"Erffnung";"";0101;200;;;0;0;"Anfangsbestand";"";0;EUR;100;EUR;0
183400H;00;9000;"Erffnung";"";0101;956;;;0;0;"Anfangsbestand";"";0;EUR;183400;EUR;0
23665H;00;9000;"Erffnung";"";0101;963;;;0;0;"Anfangsbestand";"";0;EUR;23665;EUR;0
347200H;00;9000;"Erffnung";"";0101;970;;;0;0;"Anfangsbestand";"";0;EUR;347200;EUR;0
1350000S;00;9000;"Erffnung";"";0101;1360;;;0;0;"Anfangsbestand";"";0;EUR;1350000;EUR;0
1234903H;00;9000;"Erffnung";"";0101;1508;;;0;0;"Anfangsbestand";"";0;EUR;1234903;EUR;0
421000S;00;9000;"Erffnung";"";0101;1549;;;0;0;"Anfangsbestand";"";0;EUR;421000;EUR;0
208840H;00;9000;"Erffnung";"";0101;1590;;;0;0;"Anfangsbestand";"";0;EUR;208840;EUR;0
148546S;00;9000;"Erffnung";"";0101;1740;;;0;0;"Anfangsbestand";"";0;EUR;148546;EUR;0
353134H;00;1740;"1";"";0201;1200;;;0;0;"Gehalt Bintou Mady 12/12";"";0;EUR;353134;EUR;0
99960H;09;4210;"1";"";0201;1200;;;0;0;"miete01/12";"";1900;EUR;99960;EUR;0
1529971S;00;1410;"2012/11";"";0201;1200;;;0;0;"Gulp consulting Service gmbh (";"";0;EUR;1529971;EUR;0
452S;00;2318;"1";"";0301;1200;;;0;0;"Sparkasse Bielefleld #44719859";"";0;EUR;452;EUR;0
1812H;01;4806;"2";"";1001;1200;;;0;0;"paypal Micronautic comosable p";"";0;EUR;1812;EUR;0
6130H;09;4920;"2";"";1101;1200;;;0;0;"Telekom 01/13";"";1900;EUR;6130;EUR;0
18497S;00;1545;"3";"";1401;1200;;;0;0;"ust vz 11/12";"";0;EUR;18497;EUR;0
56866H;00;1741;"3";"";1401;1200;;;0;0;"LST 12/12";"";0;EUR;56866;EUR;0
3614H;01;4940;"3";"";1401;1200;;;0;0;"mastercard lulu enterprises fa";"";0;EUR;3614;EUR;0
89H;00;1508;"3";"";1401;1200;;;0;0;"mastercard apple itunes";"";0;EUR;89;EUR;0
5624H;00;4806;"3";"";1401;1200;;;0;0;"mastercard digital river  Inte";"";0;EUR;5624;EUR;0
6480H;01;4985;"3";"";1401;1200;;;0;0;"mastercard  raspberry board co";"";0;EUR;6480;EUR;0
65H;00;4970;"3";"";1401;1200;;;0;0;"mastercard  raspberry auslande";"";0;EUR;65;EUR;0
511H;00;4970;"3";"";1401;1200;;;0;0;"sparkassencard";"";0;EUR;511;EUR;0
993019S;00;1410;"201212";"";1801;1200;;;0;0;"Gulp conlsuting sevices ghmb (";"";0;EUR;993019;EUR;0
1999H;00;1508;"3";"";2101;1200;;;0;0;"media markt privat";"";0;EUR;1999;EUR;0
3449H;00;1700;"3";"";2101;1200;;;0;0;"Telekom (904920)";"";0;EUR;3449;EUR;0
175000H;00;1360;"3";"";2401;1200;;;0;0;"barauszahlung";"";0;EUR;175000;EUR;0
2000000H;00;1360;"3";"";2401;1200;;;0;0;"umbuchung";"";0;EUR;2000000;EUR;0
99960H;09;4210;"3";"";2801;1200;;;0;0;"miete 02/13";"";1900;EUR;99960;EUR;0
1785H;00;4970;"3";"";2901;1200;;;0;0;"depotentgelt";"";0;EUR;1785;EUR;0
353134H;00;1740;"3";"";3101;1200;;;0;0;"Gehalt Bintou Mady 01/13";"";0;EUR;353134;EUR;0
2000000S;00;1360;"1";"";2501;1252;;;0;0;"umbuchung";"";0;EUR;2000000;EUR;0
5845S;00;2650;"2";"";3101;1252;;;0;0;"zinsen für guthaben";"";0;EUR;5845;EUR;0
1461H;00;2213;"2";"";3101;1252;;;0;0;"sparkasse";"";0;EUR;1461;EUR;0
80H;00;2216;"2";"";3101;1252;;;0;0;"sparkasse";"";0;EUR;80;EUR;0
410000H;00;4124;"";"";3101;1755;;;0;0;"01/13";"";0;EUR;410000;EUR;0
353134S;00;1740;"";"";3101;1755;;;0;0;"01/13";"";0;EUR;353134;EUR;0
56866S;00;1741;"";"";3101;1755;;;0;0;"01/13";"";0;EUR;56866;EUR;0
1400S;00;27;"Anl0220132";"";2802;4822;;;0;0;"Abschreibung";"";0;EUR;1400;EUR;0
8200S;00;200;"Anl0220132";"";2802;4830;;;0;0;"Abschreibung";"";0;EUR;8200;EUR;0
40400S;00;320;"Anl0220132";"";2802;4832;;;0;0;"Abschreibung";"";0;EUR;40400;EUR;0
2500S;00;420;"Anl0220132";"";2802;4830;;;0;0;"Abschreibung";"";0;EUR;2500;EUR;0
18000S;00;9000;"Erffnung";"";0101;27;;;0;0;"Anfangsbestand";"";0;EUR;18000;EUR;0
49400S;00;9000;"Erffnung";"";0101;200;;;0;0;"Anfangsbestand";"";0;EUR;49400;EUR;0
1800S;00;9000;"Erffnung";"";0101;400;;;0;0;"Anfangsbestand";"";0;EUR;1800;EUR;0
222100S;00;9000;"Erffnung";"";0101;420;;;0;0;"Anfangsbestand";"";0;EUR;222100;EUR;0
100S;00;9000;"Erffnung";"";0101;480;;;0;0;"Anfangsbestand";"";0;EUR;100;EUR;0
51S;00;9000;"Erffnung";"";0101;517;;;0;0;"Anfangsbestand";"";0;EUR;51;EUR;0
175100S;00;9000;"Erffnung";"";0101;535;;;0;0;"Anfangsbestand";"";0;EUR;175100;EUR;0
2556459H;00;9000;"Erffnung";"";0101;800;;;0;0;"Anfangsbestand";"";0;EUR;2556459;EUR;0
6183836H;00;9000;"Erffnung";"";0101;860;;;0;0;"Anfangsbestand";"";0;EUR;6183836;EUR;0
100000H;00;9000;"Erffnung";"";0101;977;;;0;0;"Anfangsbestand";"";0;EUR;100000;EUR;0
153980S;00;9000;"Erffnung";"";0101;1000;;;0;0;"Anfangsbestand";"";0;EUR;153980;EUR;0
2008038S;00;9000;"Erffnung";"";0101;1200;;;0;0;"Anfangsbestand";"";0;EUR;2008038;EUR;0
14632655S;00;9000;"Erffnung";"";0101;1252;;;0;0;"Anfangsbestand";"";0;EUR;14632655;EUR;0
1350000H;00;9000;"Erffnung";"";0101;1360;;;0;0;"Anfangsbestand";"";0;EUR;1350000;EUR;0
2522990S;00;9000;"Erffnung";"";0101;1410;;;0;0;"Anfangsbestand";"";0;EUR;2522990;EUR;0
1250000S;00;9000;"Erffnung";"";0101;1507;;;0;0;"Anfangsbestand";"";0;EUR;1250000;EUR;0
3438822S;00;9000;"Erffnung";"";0101;1508;;;0;0;"Anfangsbestand";"";0;EUR;3438822;EUR;0
261000S;00;9000;"Erffnung";"";0101;1525;;;0;0;"Anfangsbestand";"";0;EUR;261000;EUR;0
18497S;00;9000;"Erffnung";"";0101;1545;;;0;0;"Anfangsbestand";"";0;EUR;18497;EUR;0
511551S;00;9000;"Erffnung";"";0101;1590;;;0;0;"Anfangsbestand";"";0;EUR;511551;EUR;0
3449H;00;9000;"Erffnung";"";0101;1700;;;0;0;"Anfangsbestand";"";0;EUR;3449;EUR;0
256925S;00;9000;"Erffnung";"";0101;1736;;;0;0;"Anfangsbestand";"";0;EUR;256925;EUR;0
861082H;00;9000;"Erffnung";"";0101;1740;;;0;0;"Anfangsbestand";"";0;EUR;861082;EUR;0
56866H;00;9000;"Erffnung";"";0101;1741;;;0;0;"Anfangsbestand";"";0;EUR;56866;EUR;0
578H;09;4970;"3";"";0102;1200;;;0;0;"kreditprovision";"";1900;EUR;578;EUR;0
1272H;09;4970;"3";"";0102;1200;;;0;0;"kontoführung 01/13";"";1900;EUR;1272;EUR;0
14280H;09;4806;"3";"";0102;1200;;;0;0;"gulp membership-verlängerung 1";"";1900;EUR;14280;EUR;0
6189H;09;4920;"3";"";0802;1200;;;0;0;"Telekom 01/13";"";1900;EUR;6189;EUR;0
410000H;00;4124;"";"";2802;1755;;;0;0;"02/13";"";0;EUR;410000;EUR;0
353134S;00;1740;"";"";2802;1755;;;0;0;"02/13";"";0;EUR;353134;EUR;0
56866S;00;1741;"";"";2802;1755;;;0;0;"02/13";"";0;EUR;56866;EUR;0
56866H;00;1741;"3";"";1302;1200;;;0;0;"LST 01/13";"";0;EUR;56866;EUR;0
78100H;00;4320;"3";"";1502;1200;;;0;0;"gewst vz 2013";"";0;EUR;78100;EUR;0
1400000H;00;1360;"3";"";1502;1200;;;0;0;"barauszahlung";"";0;EUR;1400000;EUR;0
500000S;00;1360;"3";"";1502;1200;;;0;0;"sonstige buchung";"";0;EUR;500000;EUR;0
329900H;09;320;"3";"";1802;1200;;;0;0;"ah isernhagen bmw 325 d gebrau";"";1900;EUR;329900;EUR;0
50000S;00;1508;"3";"";1802;1200;;;0;0;"bintou mady kaba darlehensrück";"";0;EUR;50000;EUR;0
99H;00;4925;"3";"";1802;1200;;;0;0;"mastercard amazon web service";"";0;EUR;99;EUR;0
1H;00;4970;"3";"";1802;1200;;;0;0;"Mastercard auslandeinsatz";"";0;EUR;1;EUR;0
99H;00;4925;"3";"";1802;1200;;;0;0;"Mastercard amazon web service";"";0;EUR;99;EUR;0
1H;00;4970;"3";"";1802;1200;;;0;0;"Mastercard auslandeinsatz";"";0;EUR;1;EUR;0
5779H;00;1508;"3";"";1802;1200;;;0;0;"paypal manning pub";"";0;EUR;5779;EUR;0
58H;00;4970;"3";"";1802;1200;;;0;0;"Mastercard auslandeinsatz";"";0;EUR;58;EUR;0
110H;00;4925;"3";"";1802;1200;;;0;0;"Mastercard amazon web einsatz";"";0;EUR;110;EUR;0
1H;00;4970;"3";"";1802;1200;;;0;0;"Mastercard auslandeinsatz";"";0;EUR;1;EUR;0
4680H;01;4806;"3";"";1802;1200;;;0;0;"amazon wireless adapter (ausla";"";0;EUR;4680;EUR;0
2342H;09;4806;"3";"";1802;1200;;;0;0;"amazon wlan router";"";1900;EUR;2342;EUR;0
411H;09;4806;"3";"";1802;1200;;;0;0;"lets-sell usb datenkabel";"";1900;EUR;411;EUR;0
6396H;01;4806;"3";"";1802;1200;;;0;0;"amazon adapter (ausland)";"";0;EUR;6396;EUR;0
3996H;01;4806;"3";"";1802;1200;;;0;0;"amzonlogi link tastatur (ausla";"";0;EUR;3996;EUR;0
2097H;00;4985;"3";"";1802;1200;;;0;0;"Mastercard amzon maus";"";0;EUR;2097;EUR;0
16855H;09;4806;"3";"";1802;1200;;;0;0;"avc gmbh micro netzteil raspbe";"";1900;EUR;16855;EUR;0
7245H;09;4530;"3";"";1802;1200;;;0;0;"shell station diesel";"";1900;EUR;7245;EUR;0
1600H;01;4663;"3";"";1802;1200;;;0;0;"deutsche bahn";"";0;EUR;1600;EUR;0
6390H;00;4910;"3";"";1802;1200;;;0;0;"deutsche post espress gebühren";"";0;EUR;6390;EUR;0
2000000S;00;1360;"3";"";1802;1200;;;0;0;"umbuchung";"";0;EUR;2000000;EUR;0
3312H;09;4920;"3";"";2102;1200;;;0;0;"telekom mobilfunk";"";1900;EUR;3312;EUR;0
7500H;00;1508;"3";"";2102;1200;;;0;0;"barabhebung";"";0;EUR;7500;EUR;0
79200H;00;4668;"3";"";2502;1200;;;0;0;"fahrtkosten 01/2013";"";0;EUR;79200;EUR;0
99960H;09;4210;"3";"";2502;1200;;;0;0;"miete 03/13";"";1900;EUR;99960;EUR;0
5012H;09;4530;"3";"";2702;1200;;;0;0;"shell station diesel";"";1900;EUR;5012;EUR;0
2000000H;00;1360;"2";"";2002;1252;;;0;0;"umbuchung";"";0;EUR;2000000;EUR;0
500000H;00;1360;"2";"";1502;1252;;;0;0;"umbuchung";"";0;EUR;500000;EUR;0
1400000H;09;320;"0";"";1602;1000;;;0;0;"ah isernhagen bmw 325 d gebrau";"";1900;EUR;1400000;EUR;0
1400S;00;27;"Anl0320133";"";3103;4822;;;0;0;"Abschreibung";"";0;EUR;1400;EUR;0
8200S;00;200;"Anl0320133";"";3103;4830;;;0;0;"Abschreibung";"";0;EUR;8200;EUR;0
40400S;00;320;"Anl0320133";"";3103;4832;;;0;0;"Abschreibung";"";0;EUR;40400;EUR;0
2500S;00;420;"Anl0320133";"";3103;4830;;;0;0;"Abschreibung";"";0;EUR;2500;EUR;0
410000H;00;4124;"0";"";3103;1755;;;0;0;"03/13";"";0;EUR;410000;EUR;0
354334S;00;1740;"0";"";3103;1755;;;0;0;"03/13";"";0;EUR;354334;EUR;0
55666S;00;1741;"0";"";3103;1755;;;0;0;"03/13";"";0;EUR;55666;EUR;0
145H;00;4910;"0";"";0401;1000;;;0;0;"pwz";"";0;EUR;145;EUR;0
495H;09;4930;"0";"";0801;1000;;;0;0;"copylight stifte";"";1900;EUR;495;EUR;0
175000S;00;1360;"0";"";2401;1000;;;0;0;"Bareinzahlung";"";0;EUR;175000;EUR;0
580H;00;4910;"0";"";0402;1000;;;0;0;"pwz";"";0;EUR;580;EUR;0
1400000S;00;1360;"0";"";1502;1000;;;0;0;"bareinzahlung";"";0;EUR;1400000;EUR;0
1000H;00;4663;"0";"";1502;1000;;;0;0;"taxibetrieb huth";"";0;EUR;1000;EUR;0
2200H;08;4580;"0";"";2102;1000;;;0;0;"autoschilder werkstatt  kennze";"";700;EUR;2200;EUR;0
60H;00;4530;"0";"";0703;1000;;;0;0;"parkgebühren";"";0;EUR;60;EUR;0
5510S;00;2650;"3";"";0103;1252;;;0;0;"zinsen für guthaben";"";0;EUR;5510;EUR;0
1378H;00;2213;"3";"";0703;1252;;;0;0;"sparkasse";"";0;EUR;1378;EUR;0
75H;00;2216;"3";"";0703;1252;;;0;0;"sparkasse";"";0;EUR;75;EUR;0
4262S;00;2650;"4";"";3103;1252;;;0;0;"zinsen für guthaben";"";0;EUR;4262;EUR;0
1066H;00;2213;"4";"";0703;1252;;;0;0;"sparkasse";"";0;EUR;1066;EUR;0
58H;00;2216;"4";"";0703;1252;;;0;0;"sparkasse";"";0;EUR;58;EUR;0
336S;00;4985;"4";"";1802;1570;;;0;0;"Mastercard amzon maus umb. vst";"";0;EUR;336;EUR;0
898S;00;4806;"4";"";1401;1570;;;0;0;"mastercard digital river  Inte";"";0;EUR;898;EUR;0
556H;09;4970;"3";"";0103;1200;;;0;0;"kreditprovision";"";1900;EUR;556;EUR;0
1166H;09;4970;"3";"";1401;1200;;;0;0;"kontoführung 02/13";"";1900;EUR;1166;EUR;0
190900H;00;1781;"3";"";0103;1200;;;0;0;"ust sondervz 13";"";0;EUR;190900;EUR;0
136513H;00;1736;"3";"";0103;1200;;;0;0;"ust vz 12/12";"";0;EUR;136513;EUR;0
6633H;09;4530;"3";"";0103;1200;;;0;0;"marktkauf diesel";"";1900;EUR;6633;EUR;0
353134H;00;1740;"3";"";0403;1200;;;0;0;"Gehalt Bintou Mady 02/13";"";0;EUR;353134;EUR;0
1725S;00;2615;"3";"";0403;1200;;;0;0;"sparkasse dividende #44719859";"";0;EUR;1725;EUR;0
259H;00;2219;"3";"";0403;1200;;;0;0;"sparkasse bielefeld quellenste";"";0;EUR;259;EUR;0
5500H;09;4920;"3";"";0803;1200;;;0;0;"Telekom 03/13";"";1900;EUR;5500;EUR;0
1460499S;00;8400;"1-491060";"";0503;1200;;;0;0;"GULP consulting vom 6.2.13";"";1900;EUR;1460499;EUR;0
3927H;09;4390;"4";"";1203;1200;;;0;0;"Bundesanzeiger verlag veröffen";"";1900;EUR;3927;EUR;0
11200H;00;1700;"4";"";1203;1200;;;0;0;"jaeckel chr. buha und lohn 201";"";0;EUR;11200;EUR;0
2128H;00;1570;"4";"";1203;1200;;;0;0;"jaeckel chr. vst aus buha 2012";"";0;EUR;2128;EUR;0
5624H;09;4530;"4";"";1203;1200;;;0;0;"aral diesel";"";1900;EUR;5624;EUR;0
139499H;00;1736;"4";"";1303;1200;;;0;0;"ust vz 12/12 ber.";"";0;EUR;139499;EUR;0
56866H;00;1741;"4";"";1303;1200;;;0;0;"Lst 02/13";"";0;EUR;56866;EUR;0
17400H;00;4380;"4";"";1403;1200;;;0;0;"IHK beitrag 2013";"";0;EUR;17400;EUR;0
3179H;00;1508;"4";"";1803;1200;;;0;0;"Mastercard amazon mktlce";"";0;EUR;3179;EUR;0
3495H;08;4940;"4";"";1403;1200;;;0;0;"Mastercard amazon  bücher";"";700;EUR;3495;EUR;0
9990H;09;4985;"4";"";1403;1200;;;0;0;"Mastercard Getgoods.de rikomag";"";1900;EUR;9990;EUR;0
24062H;01;3200;"4";"";1403;1200;;;0;0;"MastercardHardkernelc bestand ";"";0;EUR;24062;EUR;0
2688H;01;4940;"4";"";1403;1200;;;0;0;"Mastercard book depostiroy buc";"";0;EUR;2688;EUR;0
3790H;01;4940;"4";"";1403;1200;;;0;0;"Mastercard book depostiroy buc";"";0;EUR;3790;EUR;0
101H;00;4925;"4";"";1403;1200;;;0;0;"Mastercard amazon web einsatz";"";0;EUR;101;EUR;0
1H;00;4970;"4";"";1403;1200;;;0;0;"Mastercard auslandeinsatz";"";0;EUR;1;EUR;0
4128H;01;4940;"4";"";1403;1200;;;0;0;"Mastercard amazon buch";"";0;EUR;4128;EUR;0
2045H;00;4970;"4";"";1403;1200;;;0;0;"Mastercard jahresbeitrag";"";0;EUR;2045;EUR;0
4542H;09;4530;"4";"";1803;1200;;;0;0;"tankstelle diesel";"";1900;EUR;4542;EUR;0
4280H;09;4530;"4";"";1803;1200;;;0;0;"shell station diesel";"";1900;EUR;4280;EUR;0
3013H;09;4920;"4";"";1803;1200;;;0;0;"telekom mobilfunk";"";1900;EUR;3013;EUR;0
2940H;01;4530;"4";"";1903;1200;;;0;0;"aral diesel";"";0;EUR;2940;EUR;0
4978H;09;4530;"4";"";2503;1200;;;0;0;"tankstelle diesel";"";1900;EUR;4978;EUR;0
3186H;09;4530;"4";"";2703;1200;;;0;0;"aral autocenter diesel";"";1900;EUR;3186;EUR;0
18499H;00;1736;"0";"";1503;1590;;;0;0;"ust vz 12/12 ber.";"";0;EUR;18499;EUR;0
18499S;00;1780;"0";"";1503;1590;;;0;0;"ust 01/13";"";0;EUR;18499;EUR;0
1300S;00;27;"Anl0420134";"";3004;4822;;;0;0;"Abschreibung";"";0;EUR;1300;EUR;0
8100S;00;200;"Anl0420134";"";3004;4830;;;0;0;"Abschreibung";"";0;EUR;8100;EUR;0
40400S;00;320;"Anl0420134";"";3004;4832;;;0;0;"Abschreibung";"";0;EUR;40400;EUR;0
2400S;00;420;"Anl0420134";"";3004;4830;;;0;0;"Abschreibung";"";0;EUR;2400;EUR;0
410000H;00;4124;"0";"";3004;1755;;;0;0;"04/13";"";0;EUR;410000;EUR;0
1062400H;00;970;"0";"";3004;1755;;;0;0;"tantieme 04/13";"";0;EUR;1062400;EUR;0
385415S;00;1741;"0";"";3004;1755;;;0;0;"04/13";"";0;EUR;385415;EUR;0
1086985S;00;1740;"0";"";3004;1755;;;0;0;"04/13";"";0;EUR;1086985;EUR;0
220H;08;4940;"0";"";2304;1000;;;0;0;"presse buch";"";700;EUR;220;EUR;0
595H;09;4970;"4";"";0204;1200;;;0;0;"kreditprovision";"";1900;EUR;595;EUR;0
1178H;09;4970;"4";"";2304;1200;;;0;0;"kontoführung 03/13";"";1900;EUR;1178;EUR;0
202907H;09;4957;"4";"";0204;1200;;;0;0;"jaeckel chr. abschluss 2011";"";1900;EUR;202907;EUR;0
6640H;09;4530;"5";"";0404;1200;;;0;0;"jet tankstelle diesel";"";1900;EUR;6640;EUR;0
99960H;09;4210;"5";"";0804;1200;;;0;0;"miete 04/13";"";1900;EUR;99960;EUR;0
354334H;00;1740;"5";"";0804;1200;;;0;0;"Gehalt Bintou Mady 03/13";"";0;EUR;354334;EUR;0
5391H;09;4920;"5";"";0904;1200;;;0;0;"Telekom 04/13";"";1900;EUR;5391;EUR;0
5230H;09;4530;"5";"";0904;1200;;;0;0;"marktkauf diesel";"";1900;EUR;5230;EUR;0
1444589S;00;8400;"2013/02";"";1004;1200;;;0;0;"GULP consulting";"";1900;EUR;1444589;EUR;0
55666H;00;1741;"5";"";1204;1200;;;0;0;"Lst 03/13";"";0;EUR;55666;EUR;0
83880H;00;4520;"5";"";1204;1200;;;0;0;"direct line kfz vers. BI- KK 3";"";0;EUR;83880;EUR;0
3345H;00;4390;"5";"";1504;1200;;;0;0;"stadt bielefeld gebühren f. un";"";0;EUR;3345;EUR;0
5217H;09;4530;"5";"";1504;1200;;;0;0;"tankstelle diesel";"";1900;EUR;5217;EUR;0
4334H;01;3200;"5";"";1504;1200;;;0;0;"fedex hardkernel bestand zum v";"";0;EUR;4334;EUR;0
1250H;09;4980;"5";"";1504;1200;;;0;0;"fed ex provison f. hardkenel (";"";1900;EUR;1250;EUR;0
300000H;00;1360;"5";"";1504;1200;;;0;0;"transfer barry abdoul";"";0;EUR;300000;EUR;0
6519H;01;4940;"5";"";1704;1200;;;0;0;"Mastercard amazon bücher(ausla";"";0;EUR;6519;EUR;0
102H;00;4925;"5";"";1704;1200;;;0;0;"Mastercard amazon web einsatz";"";0;EUR;102;EUR;0
1H;00;4970;"5";"";1704;1200;;;0;0;"Mastercard auslandeinsatz";"";0;EUR;1;EUR;0
301342S;00;1780;"5";"";1804;1200;;;0;0;"ust 02/13";"";0;EUR;301342;EUR;0
3013H;09;4920;"5";"";1904;1200;;;0;0;"telekom mobilfunk";"";1900;EUR;3013;EUR;0
3553H;09;4530;"5";"";2204;1200;;;0;0;"tankstelle diesel";"";1900;EUR;3553;EUR;0
4704H;09;4530;"5";"";2304;1200;;;0;0;"alal autocenter diesel";"";1900;EUR;4704;EUR;0
35500H;00;4510;"5";"";2404;1200;;;0;0;"fa bielefeld kfz steuer BI-KK ";"";0;EUR;35500;EUR;0
4557H;09;4530;"5";"";2904;1200;;;0;0;"go tankstelle diesel";"";1900;EUR;4557;EUR;0
2910H;09;4530;"5";"";3004;1200;;;0;0;"alal tankstelle diesel";"";1900;EUR;2910;EUR;0
1400S;00;27;"Anl0520135";"";3105;4822;;;0;0;"Abschreibung";"";0;EUR;1400;EUR;0
8200S;00;200;"Anl0520135";"";3105;4830;;;0;0;"Abschreibung";"";0;EUR;8200;EUR;0
40400S;00;320;"Anl0520135";"";3105;4832;;;0;0;"Abschreibung";"";0;EUR;40400;EUR;0
2500S;00;420;"Anl0520135";"";3105;4830;;;0;0;"Abschreibung";"";0;EUR;2500;EUR;0
634H;09;4970;"5";"";0205;1200;;;0;0;"kreditprovision";"";1900;EUR;634;EUR;0
1232H;09;4970;"5";"";0205;1200;;;0;0;"kontoführung 04/13";"";1900;EUR;1232;EUR;0
1405382H;00;963;"5";"";0205;1200;;;0;0;"KST 2011";"";0;EUR;1405382;EUR;0
13000H;00;2115;"5";"";0205;1200;;;0;0;"Kst 2011 verspätungszuschlag";"";0;EUR;13000;EUR;0
851100H;00;1736;"5";"";0205;1200;;;0;0;"KST vz 2012";"";0;EUR;851100;EUR;0
174248H;00;1748;"5";"";0205;1200;;;0;0;"vorsorge luxenburg direktvers.";"";0;EUR;174248;EUR;0
1435092S;00;8400;"3-491060";"";0305;1200;;;0;0;"gulp consultung";"";1900;EUR;1435092;EUR;0
117600H;00;4124;"0";"";3105;1755;;;0;0;"kfz nutzung privater anteil v.";"";0;EUR;117600;EUR;0
410000H;00;4124;"0";"";3105;1755;;;0;0;"05/13";"";0;EUR;410000;EUR;0
36766H;00;4149;"0";"";3105;1755;;;0;0;"05/13";"";0;EUR;36766;EUR;0
174248H;00;4165;"0";"";3105;1755;;;0;0;"05/13";"";0;EUR;174248;EUR;0
311769S;00;1740;"0";"";3105;1755;;;0;0;"05/13";"";0;EUR;311769;EUR;0
32981H;00;1740;"0";"";3105;1755;;;0;0;"überzahlungen 05/13";"";0;EUR;32981;EUR;0
134997S;00;1741;"0";"";3105;1755;;;0;0;"05/13";"";0;EUR;134997;EUR;0
32981S;00;1748;"0";"";3105;1755;;;0;0;"05/13 (von 02-04 rückrechnung ";"";0;EUR;32981;EUR;0
174248S;00;1748;"0";"";3105;1755;;;0;0;"05/13";"";0;EUR;174248;EUR;0
117600S;00;8611;"0";"";3105;1755;;;0;0;"kfz nutzung Kaba bintou (v. 02";"";1900;EUR;117600;EUR;0
99960H;09;4210;"6";"";0605;1200;;;0;0;"miete05/13";"";1900;EUR;99960;EUR;0
353534H;00;1740;"6";"";0605;1200;;;0;0;"Gehalt Bintou Mady 04/13";"";0;EUR;353534;EUR;0
1304700H;00;956;"6";"";0505;1200;;;0;0;"Gewst 2011";"";0;EUR;1304700;EUR;0
6591H;01;4530;"6";"";0705;1200;;;0;0;"avia tankstelle diesel (Beleg ";"";0;EUR;6591;EUR;0
200000S;00;1507;"6";"";1005;1200;;;0;0;"bintou kaba darlehensrückzahlu";"";0;EUR;200000;EUR;0
5973H;09;4920;"6";"";1005;1200;;;0;0;"Telekom 05/13";"";1900;EUR;5973;EUR;0
385415H;00;1741;"6";"";1405;1200;;;0;0;"Lst 04/13";"";0;EUR;385415;EUR;0
4100H;09;4530;"6";"";1405;1200;;;0;0;"aral diesel";"";1900;EUR;4100;EUR;0
182200H;00;4320;"6";"";1505;1200;;;0;0;"gewst vz 2013";"";0;EUR;182200;EUR;0
500000S;00;1360;"6";"";1705;1200;;;0;0;"umbuchung";"";0;EUR;500000;EUR;0
2574H;09;4806;"6";"";2105;1200;;;0;0;"onlineversand  ladegerät";"";1900;EUR;2574;EUR;0
100H;00;4925;"6";"";1705;1200;;;0;0;"Mastercard amazon web service";"";0;EUR;100;EUR;0
1H;00;4970;"6";"";1705;1200;;;0;0;"Mastercard auslandeinsatz";"";0;EUR;1;EUR;0
3490H;00;1590;"6";"";1705;1200;;;0;0;"paypal martenkoppe";"";0;EUR;3490;EUR;0
2826H;09;4530;"6";"";2105;1200;;;0;0;"BFT tankstelle diesel";"";1900;EUR;2826;EUR;0
6141H;09;4530;"6";"";2105;1200;;;0;0;"Star tankstelle diesel";"";1900;EUR;6141;EUR;0
4763H;09;4530;"6";"";2105;1200;;;0;0;"marktkauf ts diesel";"";1900;EUR;4763;EUR;0
3094H;09;4920;"6";"";2705;1200;;;0;0;"telekom mobilfunk";"";1900;EUR;3094;EUR;0
600000S;00;1360;"6";"";2905;1200;;;0;0;"umbuchung";"";0;EUR;600000;EUR;0
250000H;00;1590;"6";"";2905;1200;;;0;0;"kaba ibrahima transferleistung";"";0;EUR;250000;EUR;0
99960H;09;4210;"6";"";2905;1200;;;0;0;"miete06/13";"";1900;EUR;99960;EUR;0
220850H;00;1780;"6";"";3105;1200;;;0;0;"ust 03/13";"";0;EUR;220850;EUR;0
4125S;00;2650;"5";"";0205;1252;;;0;0;"zinsen für guthaben";"";0;EUR;4125;EUR;0
1031H;00;2213;"5";"";0205;1252;;;0;0;"sparkasse";"";0;EUR;1031;EUR;0
56H;00;2216;"5";"";0205;1252;;;0;0;"sparkasse";"";0;EUR;56;EUR;0
500000H;00;1360;"5";"";1705;1252;;;0;0;"umbuchung";"";0;EUR;500000;EUR;0
600000H;00;1360;"5";"";2905;1252;;;0;0;"umbuchung";"";0;EUR;600000;EUR;0
50000H;00;1508;"0";"";1802;1507;;;0;0;"bintou mady kaba darlehensrück";"";0;EUR;50000;EUR;0
1400S;00;27;"Anl0620136";"";3006;4822;;;0;0;"Abschreibung";"";0;EUR;1400;EUR;0
8200S;00;200;"Anl0620136";"";3006;4830;;;0;0;"Abschreibung";"";0;EUR;8200;EUR;0
40400S;00;320;"Anl0620136";"";3006;4832;;;0;0;"Abschreibung";"";0;EUR;40400;EUR;0
2600S;00;420;"Anl0620136";"";3006;4830;;;0;0;"Abschreibung";"";0;EUR;2600;EUR;0
6769353H;00;9000;"Erffnung";"";0101;860;;;0;0;"Anfangsbestand";"";0;EUR;6769353;EUR;0
1304700H;00;9000;"Erffnung";"";0101;956;;;0;0;"Anfangsbestand";"";0;EUR;1304700;EUR;0
1405382H;00;9000;"Erffnung";"";0101;963;;;0;0;"Anfangsbestand";"";0;EUR;1405382;EUR;0
1062400H;00;9000;"Erffnung";"";0101;970;;;0;0;"Anfangsbestand";"";0;EUR;1062400;EUR;0
150000H;00;9000;"Erffnung";"";0101;977;;;0;0;"Anfangsbestand";"";0;EUR;150000;EUR;0
67136S;00;9000;"Erffnung";"";0101;1508;;;0;0;"Anfangsbestand";"";0;EUR;67136;EUR;0
264000H;00;9000;"Erffnung";"";0101;1590;;;0;0;"Anfangsbestand";"";0;EUR;264000;EUR;0
11200H;00;9000;"Erffnung";"";0101;1700;;;0;0;"Anfangsbestand";"";0;EUR;11200;EUR;0
1402536H;00;9000;"Erffnung";"";0101;1736;;;0;0;"Anfangsbestand";"";0;EUR;1402536;EUR;0
312H;09;2110;"6";"";0306;1200;;;0;0;"sollzinsen  05/13";"";1900;EUR;312;EUR;0
595H;09;4970;"6";"";0306;1200;;;0;0;"kreditprovision 05/13";"";1900;EUR;595;EUR;0
1261H;09;4970;"6";"";0306;1200;;;0;0;"konotführung 05/13";"";1900;EUR;1261;EUR;0
2349H;00;1508;"6";"";0306;1200;;;0;0;"aldi privat";"";0;EUR;2349;EUR;0
7146H;09;4530;"6";"";0306;1200;;;0;0;"tankstelle ballweg diesel";"";1900;EUR;7146;EUR;0
1000H;01;4920;"6";"";0306;1200;;;0;0;"jaffnastores telefonkarten";"";0;EUR;1000;EUR;0
1725S;00;2615;"6";"";0406;1200;;;0;0;"sparkasse dividende #44719859";"";0;EUR;1725;EUR;0
259H;00;2219;"6";"";0306;1200;;;0;0;"sparkasse bielefeld quellenste";"";0;EUR;259;EUR;0
1442506S;00;8400;"2013/04";"";0406;1200;;;0;0;"gulp consultung";"";1900;EUR;1442506;EUR;0
27800H;00;1508;"6";"";0506;1200;;;0;0;"demina f. Ibrahim u. sofian ka";"";0;EUR;27800;EUR;0
31600H;00;1508;"6";"";0706;1200;;;0;0;"stadtwerke bielefeld nebenkost";"";0;EUR;31600;EUR;0
2590H;00;1590;"6";"";0706;1200;;;0;0;"markus bauduin";"";0;EUR;2590;EUR;0
4871H;00;1508;"6";"";1006;1200;;;0;0;"aldi privat";"";0;EUR;4871;EUR;0
3559H;09;4530;"6";"";1006;1200;;;0;0;"westfalen tankstelle";"";1900;EUR;3559;EUR;0
4606H;09;4920;"6";"";1006;1200;;;0;0;"telekom 06/13";"";1900;EUR;4606;EUR;0
12080H;01;3200;"6";"";1106;1200;;;0;0;"torsten rodigast #111091268849";"";0;EUR;12080;EUR;0
4800H;00;1508;"6";"";1206;1200;;;0;0;"verein zur förderung der jugen";"";0;EUR;4800;EUR;0
268900H;00;2200;"6";"";1206;1200;;;0;0;"kst vz II/13";"";0;EUR;268900;EUR;0
14700H;00;2208;"6";"";1206;1200;;;0;0;"kst sol. vz II/13";"";0;EUR;14700;EUR;0
175214H;00;1780;"6";"";1206;1200;;;0;0;"ust 04/13";"";0;EUR;175214;EUR;0
134997H;00;1741;"6";"";1206;1200;;;0;0;"Lst 05/13";"";0;EUR;134997;EUR;0
33200H;00;4520;"6";"";1206;1200;;;0;0;"direct line kfz vers. BI- KK 3";"";0;EUR;33200;EUR;0
6716H;09;4530;"6";"";1206;1200;;;0;0;"avia tankstelle diesel";"";1900;EUR;6716;EUR;0
3439H;01;4530;"6";"";1706;1200;;;0;0;"mk tank benzin (ohne beleg)";"";0;EUR;3439;EUR;0
1825H;01;4980;"6";"";1706;1200;;;0;0;"mastercard manning pub sonstig";"";0;EUR;1825;EUR;0
18H;00;4970;"6";"";1706;1200;;;0;0;"Mastercard auslandeinsatz";"";0;EUR;18;EUR;0
18989H;09;4806;"6";"";1706;1200;;;0;0;"playcom gmbh TFT LG monitor";"";1900;EUR;18989;EUR;0
14778H;00;1590;"6";"";1706;1200;;;0;0;"mastercard paypal synaxononli";"";0;EUR;14778;EUR;0
100H;00;4925;"6";"";1706;1200;;;0;0;"Mastercard amazon web service";"";0;EUR;100;EUR;0
1H;00;4970;"6";"";1706;1200;;;0;0;"Mastercard auslandeinsatz";"";0;EUR;1;EUR;0
3042H;09;4920;"6";"";2006;1200;;;0;0;"telekom mobilfunk";"";1900;EUR;3042;EUR;0
3426H;09;4530;"6";"";2006;1200;;;0;0;"aral diesel";"";1900;EUR;3426;EUR;0
278788H;00;1740;"6";"";2106;1200;;;0;0;"Gehalt Bintou Mady 05/13";"";0;EUR;278788;EUR;0
32981H;00;1748;"6";"";2106;1200;;;0;0;"05/13 (von 02-04 rückrechnung ";"";0;EUR;32981;EUR;0
7000H;00;1508;"6";"";0306;1200;;;0;0;"barabhebung";"";0;EUR;7000;EUR;0
3531H;09;4530;"7";"";2406;1200;;;0;0;"marktkauf ts diesel";"";1900;EUR;3531;EUR;0
29400H;00;4124;"0";"";3006;1755;;;0;0;"kfz nutzung privater anteil 06";"";0;EUR;29400;EUR;0
410000H;00;4124;"0";"";3006;1755;;;0;0;"06/13";"";0;EUR;410000;EUR;0
345150S;00;1740;"0";"";3006;1755;;;0;0;"06/13";"";0;EUR;345150;EUR;0
64850S;00;1741;"0";"";3006;1755;;;0;0;"06/13";"";0;EUR;64850;EUR;0
29400S;00;8611;"0";"";3006;1755;;;0;0;"kfz nutzung Kaba bintou 06/13";"";1900;EUR;29400;EUR;0
200H;01;4530;"0";"";0703;1000;;;0;0;"parkgebühren";"";0;EUR;200;EUR;0
1790H;09;4650;"0";"";0703;1000;;;0;0;"geschäftsessen bei kunden";"";1900;EUR;1790;EUR;0
100H;01;4920;"0";"";1303;1000;;;0;0;"telefonkarte";"";0;EUR;100;EUR;0
1000H;01;4920;"0";"";1803;1000;;;0;0;"telefonkarte";"";0;EUR;1000;EUR;0
1000H;01;4920;"0";"";2003;1000;;;0;0;"telefonkarte";"";0;EUR;1000;EUR;0
5500H;09;4600;"0";"";3004;1000;;;0;0;"türschild für kaba soft gmbh";"";1900;EUR;5500;EUR;0
1095H;09;4530;"0";"";0405;1000;;;0;0;"autowäsche";"";1900;EUR;1095;EUR;0
1000H;09;4580;"0";"";0405;1000;;;0;0;"mc autoteile reifenmontage";"";1900;EUR;1000;EUR;0
1500H;01;4920;"0";"";2005;1000;;;0;0;"sivaesan telefonkarte";"";0;EUR;1500;EUR;0
100H;09;4930;"0";"";2505;1000;;;0;0;"cumut bürobedarf";"";1900;EUR;100;EUR;0
1500H;01;4920;"0";"";1805;1000;;;0;0;"jaffna store telefonkarte";"";0;EUR;1500;EUR;0
950H;09;4930;"0";"";2406;1000;;;0;0;"copylight bürobedarf";"";1900;EUR;950;EUR;0
130H;08;4930;"";"";2406;1000;;;0;0;"jibi bürobedarf";"";700;EUR;130;EUR;0
850H;08;4940;"";"";2706;1000;;;0;0;"presse + buch fachzeitschrift";"";700;EUR;850;EUR;0
70H;01;4530;"";"";2706;1000;;;0;0;"parkgebühren";"";0;EUR;70;EUR;0
649H;09;4580;"";"";2906;1000;;;0;0;"mc autoteile ersatzteile";"";1900;EUR;649;EUR;0
300000S;00;1360;"";"";1504;1508;;;0;0;"transfer barry abdoul";"";0;EUR;300000;EUR;0
250000S;00;1590;"";"";2905;1508;;;0;0;"kaba ibrahima transferleistung";"";0;EUR;250000;EUR;0
3210S;00;2650;"6";"";0306;1252;;;0;0;"zinsen für guthaben";"";0;EUR;3210;EUR;0
803H;00;2213;"6";"";0306;1252;;;0;0;"sparkasse";"";0;EUR;803;EUR;0
44H;00;2216;"6";"";0306;1252;;;0;0;"sparkasse";"";0;EUR;44;EUR;0
1400S;00;27;"Anl0720137";"";3107;4822;;;0;0;"Abschreibung";"";0;EUR;1400;EUR;0
40300S;00;320;"Anl0720137";"";3107;4832;;;0;0;"Abschreibung";"";0;EUR;40300;EUR;0
2400S;00;420;"Anl0720137";"";3107;4830;;;0;0;"Abschreibung";"";0;EUR;2400;EUR;0
556H;09;4970;"7";"";0107;1200;;;0;0;"kreditprovision 06/13";"";1900;EUR;556;EUR;0
1231H;09;4970;"7";"";0107;1200;;;0;0;"konotführung 06/13";"";1900;EUR;1231;EUR;0
6830H;09;4530;"7";"";0207;1200;;;0;0;"aral diesel";"";1900;EUR;6830;EUR;0
42697H;09;4960;"7";"";0207;1200;;;0;0;"hanse serverexpress bis 06/14";"";1900;EUR;42697;EUR;0
345150H;00;1740;"7";"";0507;1200;;;0;0;"Gehalt Bintou Mady 06/13";"";0;EUR;345150;EUR;0
38497H;09;4955;"7";"";0507;1200;;;0;0;"jaeckel  buha I/13";"";1900;EUR;38497;EUR;0
250000S;00;1507;"7";"";0507;1200;;;0;0;"bintou kaba darlehensrückzahlu";"";0;EUR;250000;EUR;0
3570H;09;4805;"7";"";0507;1200;;;0;0;" hanse gmbh rep. root server";"";1900;EUR;3570;EUR;0
4823H;09;4920;"8";"";0807;1200;;;0;0;"telekom 07/13";"";1900;EUR;4823;EUR;0
1345878S;00;8400;"2013/05";"";0807;1200;;;0;0;"gulp consultung";"";1900;EUR;1345878;EUR;0
4232H;09;4530;"8";"";0907;1200;;;0;0;"aral diesel";"";1900;EUR;4232;EUR;0
7258H;09;4530;"8";"";1007;1200;;;0;0;"marktkauf ts diesel";"";1900;EUR;7258;EUR;0
99960H;09;4210;"8";"";1207;1200;;;0;0;"miete07/13";"";1900;EUR;99960;EUR;0
210986H;00;1780;"8";"";1207;1200;;;0;0;"ust 05/13";"";0;EUR;210986;EUR;0
64850H;00;1741;"8";"";1207;1200;;;0;0;"Lst 06/13";"";0;EUR;64850;EUR;0
26563H;00;4360;"0";"";1507;1200;;;0;0;"concordia gewerbe vers.bis 07/";"";0;EUR;26563;EUR;0
24900H;09;4663;"8";"";1607;1200;;;0;0;"deutsche bahn";"";1900;EUR;24900;EUR;0
1760H;09;4806;"8";"";1607;1200;;;0;0;"mastercard  lets sell kabel";"";1900;EUR;1760;EUR;0
4995H;01;4806;"8";"";1607;1200;;;0;0;"mastercard  amazon mktplce kab";"";0;EUR;4995;EUR;0
2396H;00;3400;"8";"";1607;1200;;;0;0;"mastercard  amazon mktplce bes";"";1900;EUR;2396;EUR;0
405H;00;4925;"8";"";1607;1200;;;0;0;"Mastercard amazon web service";"";0;EUR;405;EUR;0
4H;00;4970;"8";"";1607;1200;;;0;0;"Mastercard auslandeinsatz";"";0;EUR;4;EUR;0
7877H;09;4530;"8";"";1707;1200;;;0;0;"marktkauf ts diesel";"";1900;EUR;7877;EUR;0
6390H;00;4910;"8";"";1907;1200;;;0;0;"porto f. paket";"";0;EUR;6390;EUR;0
3500H;09;4805;"8";"";1907;1200;;;0;0;"hanse isp gmbh einrichtung roo";"";1900;EUR;3500;EUR;0
14280H;09;4960;"8";"";2207;1200;;;0;0;"gulp membership verlängerung b";"";1900;EUR;14280;EUR;0
7675H;09;4530;"8";"";2407;1200;;;0;0;"ts bueschner diesel";"";1900;EUR;7675;EUR;0
3221H;09;4920;"8";"";2407;1200;;;0;0;"telekom mobilfunk";"";1900;EUR;3221;EUR;0
59500H;00;1590;"8";"";2507;1200;;;0;0;"göttlicher ralf";"";0;EUR;59500;EUR;0
59500S;00;1590;"8";"";2907;1200;;;0;0;"göttlicher ralf";"";0;EUR;59500;EUR;0
2175S;00;2650;"6";"";0107;1252;;;0;0;"zinsen für guthaben";"";0;EUR;2175;EUR;0
544H;00;2213;"6";"";2907;1252;;;0;0;"sparkasse";"";0;EUR;544;EUR;0
29H;00;2216;"6";"";2907;1252;;;0;0;"sparkasse";"";0;EUR;29;EUR;0
1500H;01;4920;"0";"";0807;1000;;;0;0;"telefonkarte";"";0;EUR;1500;EUR;0
99H;09;4930;"0";"";1107;1000;;;0;0;"aldi bürobedarf";"";1900;EUR;99;EUR;0
1000H;01;4920;"0";"";1307;1000;;;0;0;"jaffna store telefonkarte";"";0;EUR;1000;EUR;0
410H;00;4910;"0";"";3107;1000;;;0;0;"pwz";"";0;EUR;410;EUR;0
29400H;00;4124;"0";"";3107;1755;;;0;0;"kfz nutzung privater anteil 07";"";0;EUR;29400;EUR;0
410000H;00;4124;"0";"";3107;1755;;;0;0;"07/13";"";0;EUR;410000;EUR;0
345150S;00;1740;"0";"";3107;1755;;;0;0;"07/13";"";0;EUR;345150;EUR;0
64850S;00;1741;"0";"";3107;1755;;;0;0;"07/13";"";0;EUR;64850;EUR;0
29400S;00;8611;"0";"";3107;1755;;;0;0;"kfz nutzung Kaba bintou 07/13";"";1900;EUR;29400;EUR;0
1400S;00;27;"Anl0820138";"";3108;4822;;;0;0;"Abschreibung";"";0;EUR;1400;EUR;0
40400S;00;320;"Anl0820138";"";3108;4832;;;0;0;"Abschreibung";"";0;EUR;40400;EUR;0
2500S;00;420;"Anl0820138";"";3108;4830;;;0;0;"Abschreibung";"";0;EUR;2500;EUR;0
634H;09;4970;"";"";0108;1200;;;0;0;"kreditprovision 07/13";"";1900;EUR;634;EUR;0
1262H;09;4970;"8";"";0208;1200;;;0;0;"konotführung 07/13";"";1900;EUR;1262;EUR;0
99960H;09;4210;"8";"";0208;1200;;;0;0;"miete08/13";"";1900;EUR;99960;EUR;0
345150H;00;1740;"8";"";0208;1200;;;0;0;"Gehalt Bintou Mady 07/13";"";0;EUR;345150;EUR;0
6270H;09;4530;"8";"";0208;1200;;;0;0;"aral diesel";"";1900;EUR;6270;EUR;0
6100H;09;4806;"9";"";0508;1200;;;0;0;"media markt teile f. pc";"";1900;EUR;6100;EUR;0
98000H;00;1590;"9";"";0508;1200;;;0;0;"Kartenzahlung LTUR Bielefeld";"";0;EUR;98000;EUR;0
1439674S;00;8400;"2013/06";"";0508;1200;;;0;0;"gulp consultung";"";1900;EUR;1439674;EUR;0
50000H;00;2383;"9";"";0808;1200;;;0;0;"islamisches zentrum spende f. ";"";0;EUR;50000;EUR;0
6599H;09;4920;"9";"";0808;1200;;;0;0;"telekom 08/13";"";1900;EUR;6599;EUR;0
3274H;00;1590;"9";"";0908;1200;;;0;0;"pv-vertriebs gmbh  Rgnr.: 2013";"";0;EUR;3274;EUR;0
50000H;00;1508;"9";"";0908;1200;;;0;0;"auszahlung";"";0;EUR;50000;EUR;0
5689H;09;4530;"9";"";0908;1200;;;0;0;"jet trankstelle diesel";"";1900;EUR;5689;EUR;0
1500H;01;4920;"9";"";1208;1200;;;0;0;"jaffna store telefonkarte";"";0;EUR;1500;EUR;0
93610H;00;1590;"9";"";1308;1200;;;0;0;"T.S.T.Arge solarstrom Nr. 1359";"";0;EUR;93610;EUR;0
4798H;09;4530;"9";"";1308;1200;;;0;0;"aral tankstelle diesel";"";1900;EUR;4798;EUR;0
224683H;00;1780;"9";"";1408;1200;;;0;0;"ust 06/13";"";0;EUR;224683;EUR;0
64850H;00;1741;"9";"";1308;1200;;;0;0;"Lst 07/13";"";0;EUR;64850;EUR;0
3516H;09;4530;"9";"";1508;1200;;;0;0;"shell station diesel";"";1900;EUR;3516;EUR;0
182200H;00;4320;"9";"";1508;1200;;;0;0;"gewst vz 2013";"";0;EUR;182200;EUR;0
59500H;00;1590;"9";"";1608;1200;;;0;0;"MasterCard Rg. Versandhand 353";"";0;EUR;59500;EUR;0
31978H;00;1590;"9";"";1508;1200;;;0;0;"Master Cardkauf samsung f. ein";"";0;EUR;31978;EUR;0
38617H;00;1590;"9";"";1508;1200;;;0;0;"Master Card Rg. 01481 Photovol";"";0;EUR;38617;EUR;0
35100H;00;1590;"9";"";1508;1200;;;0;0;"paypal sanservice samsung einb";"";0;EUR;35100;EUR;0
99H;00;4925;"9";"";1508;1200;;;0;0;"Mastercard amazon web service";"";0;EUR;99;EUR;0
1H;00;4970;"9";"";1508;1200;;;0;0;"Mastercard auslandeinsatz";"";0;EUR;1;EUR;0
56282H;00;1590;"9";"";1508;1200;;;0;0;"Mastercard Hardkernelc #353143";"";0;EUR;56282;EUR;0
270195H;00;1590;"9";"";1508;1200;;;0;0;"T.S.T.Arge solarstrom Nr. 1356";"";0;EUR;270195;EUR;0
5481H;09;4530;"9";"";2008;1200;;;0;0;"aral tankstelle diesel";"";1900;EUR;5481;EUR;0
3548H;09;4530;"9";"";2008;1200;;;0;0;"Bez mann tankstelle diesel";"";1900;EUR;3548;EUR;0
5707H;09;4920;"10";"";2308;1200;;;0;0;"telekom mobilfunk";"";1900;EUR;5707;EUR;0
50000H;00;1508;"10";"";2608;1200;;;0;0;"auszahlung";"";0;EUR;50000;EUR;0
3261H;00;3400;"10";"";2608;1200;;;0;0;"farnell";"";1900;EUR;3261;EUR;0
38497H;09;4955;"10";"";2608;1200;;;0;0;"jaeckel  buha II/13";"";1900;EUR;38497;EUR;0
595H;09;4970;"10";"";2608;1200;;;0;0;"kreditprovision 08/13";"";1900;EUR;595;EUR;0
1365H;09;4970;"10";"";2608;1200;;;0;0;"konotführung 08/13";"";1900;EUR;1365;EUR;0
4264H;09;4530;"10";"";2608;1200;;;0;0;"sparren tank diesel";"";1900;EUR;4264;EUR;0
1500H;01;4920;"10";"";2708;1200;;;0;0;"jaffna store telefonkarte";"";0;EUR;1500;EUR;0
10847H;00;1742;"10";"";2808;1200;;;0;0;"knappschaft 07/13";"";0;EUR;10847;EUR;0
10847H;00;1742;"10";"";2808;1200;;;0;0;"knappschaft 08/13";"";0;EUR;10847;EUR;0
2248S;00;2650;"8";"";0108;1252;;;0;0;"zinsen für guthaben";"";0;EUR;2248;EUR;0
562H;00;2213;"8";"";0108;1252;;;0;0;"sparkasse";"";0;EUR;562;EUR;0
30H;00;2216;"8";"";0108;1252;;;0;0;"sparkasse";"";0;EUR;30;EUR;0
29400H;00;4124;"0";"";3108;1755;;;0;0;"kfz nutzung privater anteil 08";"";0;EUR;29400;EUR;0
410000H;00;4124;"0";"";3108;1755;;;0;0;"08/13";"";0;EUR;410000;EUR;0
10147H;00;4130;"0";"";3108;1755;;;0;0;"08/13";"";0;EUR;10147;EUR;0
35000H;00;4195;"0";"";3108;1755;;;0;0;"Kpegouni sabtiou 08/13";"";0;EUR;35000;EUR;0
700H;00;4199;"0";"";3108;1755;;;0;0;"08/13";"";0;EUR;700;EUR;0
380150S;00;1740;"0";"";3108;1755;;;0;0;"08/13";"";0;EUR;380150;EUR;0
64850S;00;1741;"0";"";3108;1755;;;0;0;"08/13";"";0;EUR;64850;EUR;0
10847S;00;1742;"0";"";3108;1755;;;0;0;"08/13";"";0;EUR;10847;EUR;0
29400S;00;8611;"0";"";3108;1755;;;0;0;"kfz nutzung Kaba bintou 08/13";"";1900;EUR;29400;EUR;0
10147H;00;4130;"0";"";3107;1755;;;0;0;"07/13";"";0;EUR;10147;EUR;0
35000H;00;4195;"0";"";3107;1755;;;0;0;"Kpegouni sabtiou 07/13";"";0;EUR;35000;EUR;0
700H;00;4199;"0";"";3107;1755;;;0;0;"07/13";"";0;EUR;700;EUR;0
35000S;00;1740;"0";"";3107;1755;;;0;0;"07/13";"";0;EUR;35000;EUR;0
10847S;00;1742;"0";"";3107;1755;;;0;0;"07/13";"";0;EUR;10847;EUR;0
1400S;00;27;"Anl0920139";"";3009;4822;;;0;0;"Abschreibung";"";0;EUR;1400;EUR;0
40400S;00;320;"Anl0920139";"";3009;4832;;;0;0;"Abschreibung";"";0;EUR;40400;EUR;0
2400S;00;420;"Anl0920139";"";3009;4830;;;0;0;"Abschreibung";"";0;EUR;2400;EUR;0
29400H;00;4124;"";"";3009;1755;;;0;0;"kfz nutzung privater anteil 09";"";0;EUR;29400;EUR;0
410000H;00;4124;"";"";3009;1755;;;0;0;"09/13";"";0;EUR;410000;EUR;0
10147H;00;4130;"";"";3009;1755;;;0;0;"09/13";"";0;EUR;10147;EUR;0
35000H;00;4195;"";"";3009;1755;;;0;0;"Kpegouni sabtiou 09/13";"";0;EUR;35000;EUR;0
700H;00;4199;"";"";3009;1755;;;0;0;"09/13";"";0;EUR;700;EUR;0
380150S;00;1740;"";"";3009;1755;;;0;0;"09/13";"";0;EUR;380150;EUR;0
64850S;00;1741;"";"";3009;1755;;;0;0;"09/13";"";0;EUR;64850;EUR;0
10847S;00;1742;"";"";3009;1755;;;0;0;"09/13";"";0;EUR;10847;EUR;0
29400S;00;8611;"";"";3009;1755;;;0;0;"kfz nutzung Kaba bintou 08/13";"";1900;EUR;29400;EUR;0
595H;09;4970;"10";"";0209;1200;;;0;0;"kreditprovision";"";1900;EUR;595;EUR;0
1315H;09;4970;"10";"";3009;1200;;;0;0;"konotführung 09/13";"";1900;EUR;1315;EUR;0
1559793S;00;8400;"2013/07";"";0209;1200;;;0;0;"gulp consultung";"";1900;EUR;1559793;EUR;0
99960H;09;4210;"11";"";0309;1200;;;0;0;"miete09/13";"";1900;EUR;99960;EUR;0
1443S;00;1360;"11";"";0309;1200;;;0;0;"sparkasse bielefeld -divienden";"";0;EUR;1443;EUR;0
3895H;09;4530;"11";"";0309;1200;;;0;0;"aral tankstelle diesel";"";1900;EUR;3895;EUR;0
6087H;09;4530;"11";"";0409;1200;;;0;0;"shell station diesel";"";1900;EUR;6087;EUR;0
1704S;00;2615;"11";"";0909;1200;;;0;0;"sparkasse dividende #44719859";"";0;EUR;1704;EUR;0
256H;00;2219;"11";"";0409;1200;;;0;0;"sparkasse bielefeld quellenste";"";0;EUR;256;EUR;0
1443H;00;1360;"11";"";0909;1200;;;0;0;"sparkasse bielefeld -divienden";"";0;EUR;1443;EUR;0
5613H;09;4530;"11";"";0909;1200;;;0;0;"tankstelle ballweg diesel";"";1900;EUR;5613;EUR;0
5077H;00;1508;"11";"";0909;1200;;;0;0;"obi privat";"";0;EUR;5077;EUR;0
5406H;09;4920;"11";"";0909;1200;;;0;0;"telekom 09/13";"";1900;EUR;5406;EUR;0
200000H;00;1360;"11";"";0909;1200;;;0;0;"barauszahlung  in kasse";"";0;EUR;200000;EUR;0
200000H;00;1508;"11";"";0909;1200;;;0;0;"barauszahlung  privat";"";0;EUR;200000;EUR;0
268900H;00;2200;"11";"";1209;1200;;;0;0;"kst vz III/13";"";0;EUR;268900;EUR;0
14700H;00;2208;"11";"";1209;1200;;;0;0;"kst sol. vz III/13";"";0;EUR;14700;EUR;0
175614H;00;1780;"11";"";0909;1200;;;0;0;"ust 07/13";"";0;EUR;175614;EUR;0
64850H;00;1741;"11";"";0909;1200;;;0;0;"Lst 08/13";"";0;EUR;64850;EUR;0
330000H;00;1740;"11";"";1309;1200;;;0;0;"Gehalt Bintou Mady 08/13";"";0;EUR;330000;EUR;0
7398H;00;3400;"11";"";1309;1200;;;0;0;"Media markt we universaldrehfu";"";1900;EUR;7398;EUR;0
7289H;09;4530;"11";"";1309;1200;;;0;0;"tankstelle diesel";"";1900;EUR;7289;EUR;0
6428H;09;4530;"11";"";1609;1200;;;0;0;"aral autocenter diesel";"";1900;EUR;6428;EUR;0
19985H;00;3400;"11";"";1709;1200;;;0;0;"MC offgrund tec morninstar we ";"";1900;EUR;19985;EUR;0
4050H;00;1508;"11";"";1609;1200;;;0;0;"mastercard Fa. Awelltang#35314";"";0;EUR;4050;EUR;0
7990H;00;1508;"11";"";1609;1200;;;0;0;"Mastercard Karstadt de. #35314";"";0;EUR;7990;EUR;0
99H;00;4925;"11";"";1609;1200;;;0;0;"Mastercard amazon web service";"";0;EUR;99;EUR;0
1H;00;4970;"11";"";1609;1200;;;0;0;"Mastercard auslandeinsatz";"";0;EUR;1;EUR;0
190690H;00;1590;"11";"";1609;1200;;;0;0;"Mastercard Erwinschitz #353143";"";0;EUR;190690;EUR;0
3300H;09;4920;"11";"";2309;1200;;;0;0;"telekom mobilfunk";"";1900;EUR;3300;EUR;0
10847H;00;1742;"11";"";2609;1200;;;0;0;"knappschaft 09/13";"";0;EUR;10847;EUR;0
99960H;09;4210;"11";"";2709;1200;;;0;0;"miete10/13";"";1900;EUR;99960;EUR;0
32986H;00;4380;"11";"";1809;1200;;;0;0;"IHK Beitrag 2011";"";0;EUR;32986;EUR;0
2248S;00;2650;"9";"";0209;1252;;;0;0;"zinsen für guthaben";"";0;EUR;2248;EUR;0
562H;00;2213;"9";"";0109;1252;;;0;0;"sparkasse";"";0;EUR;562;EUR;0
30H;00;2216;"9";"";0109;1252;;;0;0;"sparkasse";"";0;EUR;30;EUR;0
101000H;00;3400;"20130444";"";0808;1000;;;0;0;"PV Vertriebs gmbh solarmodule ";"";1900;EUR;101000;EUR;0
200000S;00;1360;"0";"";0909;1000;;;0;0;"Bankeinzahlung";"";0;EUR;200000;EUR;0
3274H;00;3400;"20130444";"";0908;1200;;;0;0;"PV Vertriebs gmbh solarmodule ";"";1900;EUR;3274;EUR;0
3274S;00;1590;"6";"";1705;1200;;;0;0;"pv-vertriebs gmbh  Rgnr.: 2013";"";0;EUR;3274;EUR;0
93610S;00;1590;"9";"";1308;1200;;;0;0;"T.S.T.Arge solarstrom Nr. 1359";"";0;EUR;93610;EUR;0
93610H;00;3400;"13592";"";1308;1200;;;0;0;"T.S.t. Arge  Blei Akku Longex ";"";1900;EUR;93610;EUR;0
31978S;00;1590;"9";"";1508;1200;;;0;0;"Master Cardkauf samsung f. ein";"";0;EUR;31978;EUR;0
31978H;09;4806;"9";"";1508;1200;;;0;0;"MC Samsung 840 austausch einba";"";1900;EUR;31978;EUR;0
38617S;00;1590;"9";"";1508;1200;;;0;0;"Master Card Rg. 01481 Photovol";"";0;EUR;38617;EUR;0
38617H;00;3400;"01481";"";1508;1200;;;0;0;"Photon Solar photovoltaik we f";"";1900;EUR;38617;EUR;0
35100S;00;1590;"9";"";1508;1200;;;0;0;"paypal sanservice samsung einb";"";0;EUR;35100;EUR;0
35100H;09;4806;"9";"";1508;1200;;;0;0;"paypal samsung 840 austausch d";"";1900;EUR;35100;EUR;0
270195S;00;1590;"9";"";1508;1200;;;0;0;"T.S.T.Arge solarstrom Nr. 1356";"";0;EUR;270195;EUR;0
270195H;00;3400;"9";"";1508;1200;;;0;0;"T.S.T Arge Longex solar we f. ";"";1900;EUR;270195;EUR;0
3490H;00;1508;"0";"";1705;1590;;;0;0;"paypal martenkoppe privat";"";0;EUR;3490;EUR;0
2590H;00;1508;"0";"";0706;1590;;;0;0;"markus bauduin privat";"";0;EUR;2590;EUR;0
14778H;00;4985;"0";"";1706;1590;;;0;0;"paypal synazononli pc betriebl";"";0;EUR;14778;EUR;0
98000H;01;4663;"0";"";0508;1590;;;0;0;"LTUR flugticket nach afrika (o";"";0;EUR;98000;EUR;0
56282H;00;3200;"0";"";1508;1590;;;0;0;"mc hardkernelc -warenbestand- ";"";0;EUR;56282;EUR;0
59500H;00;3400;"0";"";1608;1590;;;0;0;"göttlicher warenbestand";"";1900;EUR;59500;EUR;0
733451H;00;1740;"0";"";3009;1507;;;0;0;"tantieme darlehen rückzahlung";"";0;EUR;733451;EUR;0
35000H;00;1740;"0";"";0108;1000;;;0;0;"gehalt sabtiou kpegouni 07/13";"";0;EUR;35000;EUR;0
35000H;00;1740;"0";"";3108;1000;;;0;0;"gehalt sabtiou kpegouni 08/13";"";0;EUR;35000;EUR;0
15150H;00;1740;"0";"";3108;1000;;;0;0;"gehalt rest bintou Mady 08/13";"";0;EUR;15150;EUR;0
45150H;00;1740;"0";"";3009;1000;;;0;0;"gehalt rest bintou Mady 09/13";"";0;EUR;45150;EUR;0
1300S;00;27;"Anl10201310";"";3110;4822;;;0;0;"Abschreibung";"";0;EUR;1300;EUR;0
40400S;00;320;"Anl10201310";"";3110;4832;;;0;0;"Abschreibung";"";0;EUR;40400;EUR;0
2600S;00;420;"Anl10201310";"";3110;4830;;;0;0;"Abschreibung";"";0;EUR;2600;EUR;0
29400H;00;4124;"0";"";3110;1755;;;0;0;"kfz nutzung privater anteil 10";"";0;EUR;29400;EUR;0
410000H;00;4124;"0";"";3110;1755;;;0;0;"10/13";"";0;EUR;410000;EUR;0
10147H;00;4130;"0";"";3110;1755;;;0;0;"10/13";"";0;EUR;10147;EUR;0
35000H;00;4195;"0";"";3110;1755;;;0;0;"Kpegouni sabtiou 10/13";"";0;EUR;35000;EUR;0
700H;00;4199;"0";"";3110;1755;;;0;0;"10/13";"";0;EUR;700;EUR;0
380150S;00;1740;"0";"";3110;1755;;;0;0;"10/13";"";0;EUR;380150;EUR;0
64850S;00;1741;"0";"";3110;1755;;;0;0;"10/13";"";0;EUR;64850;EUR;0
10847S;00;1742;"0";"";3110;1755;;;0;0;"10/13";"";0;EUR;10847;EUR;0
29400S;00;8611;"0";"";3110;1755;;;0;0;"kfz nutzung Kaba bintou 09/13";"";1900;EUR;29400;EUR;0
2176S;00;2650;"10";"";0110;1252;;;0;0;"zinsen für guthaben";"";0;EUR;2176;EUR;0
544H;00;2213;"10";"";0110;1252;;;0;0;"sparkasse";"";0;EUR;544;EUR;0
29H;00;2216;"10";"";0110;1252;;;0;0;"sparkasse";"";0;EUR;29;EUR;0
595H;09;4970;"11";"";0110;1200;;;0;0;"kreditprovision";"";1900;EUR;595;EUR;0
1226H;09;4970;"11";"";0110;1200;;;0;0;"konotführung 09/13";"";1900;EUR;1226;EUR;0
35000H;00;1740;"11";"";0710;1200;;;0;0;"gehalt sabtiou kpegouni 09/13";"";0;EUR;35000;EUR;0
300000H;00;1740;"11";"";0710;1200;;;0;0;"Gehalt Bintou Mady 09/13";"";0;EUR;300000;EUR;0
1591696S;00;8400;"201308";"";0710;1200;;;0;0;"gulp consultung";"";1900;EUR;1591696;EUR;0
4784H;09;4920;"11";"";0910;1200;;;0;0;"telekom 10/13";"";1900;EUR;4784;EUR;0
187371H;00;1780;"11";"";1410;1200;;;0;0;"ust 08/13";"";0;EUR;187371;EUR;0
64850H;00;1741;"11";"";0910;1200;;;0;0;"Lst 09/13";"";0;EUR;64850;EUR;0
7500H;00;1508;"11";"";1510;1200;;;0;0;"sparkasse Kto. 43006329 geldau";"";0;EUR;7500;EUR;0
4442H;00;1508;"11";"";1610;1200;;;0;0;"aldi privat";"";0;EUR;4442;EUR;0
7609H;09;4530;"11";"";1610;1200;;;0;0;"jet trankstelle diesel";"";1900;EUR;7609;EUR;0
11000H;00;1508;"11";"";1610;1200;;;0;0;"Mastercard COTE Divore Bordeau";"";0;EUR;11000;EUR;0
96H;00;4925;"11";"";1610;1200;;;0;0;"Mastercard amazon web service";"";0;EUR;96;EUR;0
1H;00;4970;"11";"";1610;1200;;;0;0;"Mastercard auslandeinsatz";"";0;EUR;1;EUR;0
3361H;00;1508;"11";"";1810;1200;;;0;0;"aldi privat";"";0;EUR;3361;EUR;0
37664H;09;4600;"11";"";2110;1200;;;0;0;"Rg. Sagner-Heinze  druck und p";"";1900;EUR;37664;EUR;0
18297H;09;480;"11";"";2110;1200;;;0;0;"Media Markt Notebook";"";1900;EUR;18297;EUR;0
5630H;09;4530;"11";"";2110;1200;;;0;0;"TS B TH Ballweg Diesel";"";1900;EUR;5630;EUR;0
898H;00;1508;"11";"";2310;1200;;;0;0;"Lidel -privat";"";0;EUR;898;EUR;0
3476H;09;4920;"11";"";2310;1200;;;0;0;"telekom mobilfunk";"";1900;EUR;3476;EUR;0
1897H;00;1508;"11";"";2510;1200;;;0;0;"Sinem Markt  privat";"";0;EUR;1897;EUR;0
4890H;09;4530;"11";"";2510;1200;;;0;0;"MK tank diesel";"";1900;EUR;4890;EUR;0
10000H;00;1508;"11";"";2810;1200;;;0;0;"Sparkasse Kto. Nr. 43006329 Ab";"";0;EUR;10000;EUR;0
13899H;09;4985;"11";"";2810;1200;;;0;0;"Media markt laser drucker";"";1900;EUR;13899;EUR;0
6085H;00;1508;"11";"";2810;1200;;;0;0;"Lidel -privat";"";0;EUR;6085;EUR;0
10847H;00;1742;"11";"";2910;1200;;;0;0;"knappschaft 10/13";"";0;EUR;10847;EUR;0
6390H;00;4910;"0";"";0210;1000;;;0;0;"pwz";"";0;EUR;6390;EUR;0
203H;00;4910;"0";"";1010;1000;;;0;0;"pwz";"";0;EUR;203;EUR;0
350H;01;4930;"0";"";2210;1000;;;0;0;"internet cafe scannen";"";0;EUR;350;EUR;0
1500H;01;4920;"0";"";3110;1000;;;0;0;"jaffna store telefonkarte";"";0;EUR;1500;EUR;0
2514H;09;4530;"0";"";1410;1000;;;0;0;"sparren tank diesel";"";1900;EUR;2514;EUR;0
1349H;09;4530;"0";"";1010;1000;;;0;0;"sb tankstelle diesel";"";1900;EUR;1349;EUR;0
807H;09;4530;"0";"";0809;1000;;;0;0;"star tankstelle diesel";"";1900;EUR;807;EUR;0
1400S;00;27;"Anl11201311";"";3011;4822;;;0;0;"Abschreibung";"";0;EUR;1400;EUR;0
40400S;00;320;"Anl11201311";"";3011;4832;;;0;0;"Abschreibung";"";0;EUR;40400;EUR;0
2400S;00;420;"Anl11201311";"";3011;4830;;;0;0;"Abschreibung";"";0;EUR;2400;EUR;0
29400H;00;4124;"0";"";3011;1755;;;0;0;"kfz nutzung privater anteil 11";"";0;EUR;29400;EUR;0
410000H;00;4124;"0";"";3011;1755;;;0;0;"11/13";"";0;EUR;410000;EUR;0
410000H;00;4124;"0";"";3011;1755;;;0;0;"11/13 Weihnachtsgeld";"";0;EUR;410000;EUR;0
10147H;00;4130;"0";"";3011;1755;;;0;0;"11/13";"";0;EUR;10147;EUR;0
35000H;00;4195;"0";"";3011;1755;;;0;0;"Kpegouni sabtiou 11/13";"";0;EUR;35000;EUR;0
700H;00;4199;"0";"";3011;1755;;;0;0;"11/13";"";0;EUR;700;EUR;0
652578S;00;1740;"0";"";3011;1755;;;0;0;"11/13";"";0;EUR;652578;EUR;0
202422S;00;1741;"0";"";3011;1755;;;0;0;"11/13";"";0;EUR;202422;EUR;0
10847S;00;1742;"0";"";3011;1755;;;0;0;"11/13";"";0;EUR;10847;EUR;0
29400S;00;8611;"0";"";3011;1755;;;0;0;"kfz nutzung Kaba bintou 11/13";"";1900;EUR;29400;EUR;0
5000H;00;1508;"12";"";2910;1200;;;0;0;"barauszahlung privat";"";0;EUR;5000;EUR;0
595H;09;4970;"12";"";0411;1200;;;0;0;"kreditprovision";"";1900;EUR;595;EUR;0
1226H;09;4970;"12";"";2910;1200;;;0;0;"konotführung 10/13";"";1900;EUR;1226;EUR;0
10000H;00;1508;"12";"";0411;1200;;;0;0;"barauszahlung privat";"";0;EUR;10000;EUR;0
35000H;00;1740;"12";"";0411;1200;;;0;0;"gehalt sabtiou kpegouni 10/13";"";0;EUR;35000;EUR;0
6978H;00;1508;"12";"";0411;1200;;;0;0;"Kartenzahlung A L D I 05/012  ";"";0;EUR;6978;EUR;0
1190H;09;4600;"12";"";0411;1200;;;0;0;"Hetzner online domainreg. 10/1";"";1900;EUR;1190;EUR;0
4171H;09;4530;"12";"";0511;1200;;;0;0;"TS Büscher gmbh diesel";"";1900;EUR;4171;EUR;0
6287H;09;4530;"12";"";0511;1200;;;0;0;"TS Büscher gmbh diesel";"";1900;EUR;6287;EUR;0
5027H;09;4920;"12";"";0811;1200;;;0;0;"telekom 11/13";"";1900;EUR;5027;EUR;0
99960H;09;4210;"12";"";1111;1200;;;0;0;"miete11/13";"";1900;EUR;99960;EUR;0
345150H;00;1740;"12";"";1111;1200;;;0;0;"Gehalt Bintou Mady 10/13";"";0;EUR;345150;EUR;0
10000H;00;1508;"12";"";1111;1200;;;0;0;"barauszahlung privat";"";0;EUR;10000;EUR;0
5603H;00;1508;"12";"";1111;1200;;;0;0;"Kartenzahlung A L D I 05/012  ";"";0;EUR;5603;EUR;0
64850H;00;1741;"12";"";1311;1200;;;0;0;"Lst 10/13";"";0;EUR;64850;EUR;0
3582H;00;1508;"13";"";1411;1200;;;0;0;"Sinem Markt  privat";"";0;EUR;3582;EUR;0
2069H;09;4530;"13";"";1411;1200;;;0;0;"shell station diesel";"";1900;EUR;2069;EUR;0
5463H;09;4530;"13";"";1411;1200;;;0;0;"marktkauf bielef. diesel";"";1900;EUR;5463;EUR;0
182200H;00;4320;"13";"";1511;1200;;;0;0;"gewst vz 2013";"";0;EUR;182200;EUR;0
190690S;00;1590;"13";"";1511;1200;;;0;0;"Mastercard Erwinschitz #353143";"";0;EUR;190690;EUR;0
97H;00;4925;"13";"";1511;1200;;;0;0;"Mastercard amazon web service";"";0;EUR;97;EUR;0
1H;00;4970;"13";"";1511;1200;;;0;0;"Mastercard auslandeinsatz";"";0;EUR;1;EUR;0
10000H;00;1508;"13";"";1811;1200;;;0;0;"barauszahlung privat";"";0;EUR;10000;EUR;0
5009H;00;1508;"13";"";1811;1200;;;0;0;"kartenz. lidl privat";"";0;EUR;5009;EUR;0
5625H;09;4530;"13";"";1811;1200;;;0;0;"freie tankstelle diesel";"";1900;EUR;5625;EUR;0
276306S;00;8400;"2013/09";"";1911;1200;;;0;0;"gulp consultung";"";1900;EUR;276306;EUR;0
10000H;00;1508;"13";"";2511;1200;;;0;0;"barauszahlung privat";"";0;EUR;10000;EUR;0
2852H;00;1508;"13";"";2511;1200;;;0;0;"kartenz. real";"";0;EUR;2852;EUR;0
13052H;09;4580;"13";"";2511;1200;;;0;0;"ATG  erstazteile batterie";"";1900;EUR;13052;EUR;0
4162H;09;4530;"13";"";2511;1200;;;0;0;"freie tankstelle diesel";"";1900;EUR;4162;EUR;0
6441H;00;1508;"13";"";2611;1200;;;0;0;"kartenz. aldi  privat";"";0;EUR;6441;EUR;0
10847H;00;1742;"13";"";2711;1200;;;0;0;"knappschaft 11/13";"";0;EUR;10847;EUR;0
2808H;09;4530;"13";"";2711;1200;;;0;0;"TS Büscher gmbh diesel";"";1900;EUR;2808;EUR;0
5816H;09;4920;"13";"";2811;1200;;;0;0;"telekom mobilfunk";"";1900;EUR;5816;EUR;0
20000H;00;1508;"13";"";2911;1200;;;0;0;"barauszahlung privat";"";0;EUR;20000;EUR;0
2249S;00;2650;"11";"";0411;1252;;;0;0;"zinsen für guthaben";"";0;EUR;2249;EUR;0
562H;00;2213;"11";"";2911;1252;;;0;0;"sparkasse";"";0;EUR;562;EUR;0
30H;00;2650;"11";"";2911;1252;;;0;0;"zinsen für guthaben";"";0;EUR;30;EUR;0
100S;00;200;"Anl122013";"";3112;4830;;;0;0;"Abschreibung";"";0;EUR;100;EUR;0
1400S;00;27;"Anl122013";"";3112;4822;;;0;0;"Abschreibungen auf immateriell";"";0;EUR;1400;EUR;0
2502S;00;200;"Anl122013";"";3112;4830;;;0;0;"Abschreibungen auf Sachanlagen";"";0;EUR;2502;EUR;0
40398S;00;320;"Anl122013";"";3112;4832;;;0;0;"Abschreibungen auf Kfz";"";0;EUR;40398;EUR;0
2500S;00;420;"Anl122013";"";3112;4830;;;0;0;"Abschreibungen auf Sachanlagen";"";0;EUR;2500;EUR;0
43904S;00;480;"Anl122013";"";3112;4855;;;0;0;"AfA GWG";"";0;EUR;43904;EUR;0
29400H;00;4124;"0";"";3112;1755;;;0;0;"kfz nutzung privater anteil 12";"";0;EUR;29400;EUR;0
410000H;00;4124;"0";"";3112;1755;;;0;0;"12/13";"";0;EUR;410000;EUR;0
10147H;00;4130;"0";"";3112;1755;;;0;0;"12/13";"";0;EUR;10147;EUR;0
264000H;00;4165;"0";"";3112;1755;;;0;0;"12/13";"";0;EUR;264000;EUR;0
35000H;00;4195;"0";"";3112;1755;;;0;0;"Kpegouni sabtiou 12/13";"";0;EUR;35000;EUR;0
700H;00;4199;"0";"";3112;1755;;;0;0;"12/13";"";0;EUR;700;EUR;0
380150S;00;1740;"0";"";3112;1755;;;0;0;"12/13";"";0;EUR;380150;EUR;0
64850S;00;1741;"0";"";3112;1755;;;0;0;"12/13";"";0;EUR;64850;EUR;0
10847S;00;1742;"0";"";3112;1755;;;0;0;"12/13";"";0;EUR;10847;EUR;0
264000S;00;1748;"0";"";3112;1755;;;0;0;"12/13";"";0;EUR;264000;EUR;0
29400S;00;8611;"0";"";3112;1755;;;0;0;"kfz nutzung Kaba bintou 12/13";"";1900;EUR;29400;EUR;0
575H;09;4970;"13";"";0212;1200;;;0;0;"kreditprovision";"";1900;EUR;575;EUR;0
1321H;09;4970;"13";"";3112;1200;;;0;0;"konotführung 12/13";"";1900;EUR;1321;EUR;0
10000H;00;1508;"13";"";0212;1200;;;0;0;"barauszahlung privat";"";0;EUR;10000;EUR;0
99960H;09;4210;"13";"";0212;1200;;;0;0;"miete12/13";"";1900;EUR;99960;EUR;0
20000H;00;1508;"13";"";0212;1200;;;0;0;"barauszahlung privat";"";0;EUR;20000;EUR;0
5004H;09;4530;"13";"";0212;1200;;;0;0;"star ts diesel";"";1900;EUR;5004;EUR;0
1659S;00;2615;"13";"";0312;1200;;;0;0;"sparkasse dividende #44719859";"";0;EUR;1659;EUR;0
249H;00;2219;"13";"";0212;1200;;;0;0;"sparkasse bielefeld quellenste";"";0;EUR;249;EUR;0
2500H;00;1508;"13";"";0312;1200;;;0;0;"kartenz. polizei privat";"";0;EUR;2500;EUR;0
5592H;00;1508;"13";"";0312;1200;;;0;0;"kartenz. lidl privat";"";0;EUR;5592;EUR;0
4833H;09;4530;"13";"";0312;1200;;;0;0;"aral ts diesel";"";1900;EUR;4833;EUR;0
7225H;09;4530;"13";"";0312;1200;;;0;0;"aral ts diesel";"";1900;EUR;7225;EUR;0
40000H;00;1508;"13";"";0412;1200;;;0;0;"barauszahlung privat";"";0;EUR;40000;EUR;0
7748H;09;4806;"13";"";0612;1200;;;0;0;"media markt teile f. pc";"";1900;EUR;7748;EUR;0
4306H;09;4530;"13";"";0612;1200;;;0;0;"jet ts diesel";"";1900;EUR;4306;EUR;0
41888H;09;4955;"13";"";0912;1200;;;0;0;"jaeckel  buha III/13";"";1900;EUR;41888;EUR;0
264000H;00;1748;"13";"";0912;1200;;;0;0;"Provinzial nordwest  kaba bint";"";0;EUR;264000;EUR;0
3544H;00;1508;"13";"";0912;1200;;;0;0;"kartenz. aldi privat";"";0;EUR;3544;EUR;0
6201H;00;1508;"13";"";0912;1200;;;0;0;"kartenz. lidl privat";"";0;EUR;6201;EUR;0
6643H;09;4530;"13";"";0912;1200;;;0;0;"Kartenzahlung Shell";"";1900;EUR;6643;EUR;0
16442H;09;4920;"13";"";0912;1200;;;0;0;"telekom  gmbh Rech.nr. 9583273";"";1900;EUR;16442;EUR;0
14999H;09;4985;"13";"";1012;1200;;;0;0;"media markt hp pavilon lap top";"";1900;EUR;14999;EUR;0
1169H;00;1508;"13";"";1012;1200;;;0;0;"kartenz. lidl privat";"";0;EUR;1169;EUR;0
7500H;00;1508;"13";"";1012;1200;;;0;0;"barauszahlung privat";"";0;EUR;7500;EUR;0
242427H;00;1780;"13";"";1212;1200;;;0;0;"ust 10/13";"";0;EUR;242427;EUR;0
109959H;00;1780;"13";"";1012;1200;;;0;0;"ust 09/13";"";0;EUR;109959;EUR;0
268900H;00;2200;"13";"";1712;1200;;;0;0;"kst vz IV/13";"";0;EUR;268900;EUR;0
14700H;00;2208;"13";"";1712;1200;;;0;0;"kst sol. vz IV/13";"";0;EUR;14700;EUR;0
202422H;00;1741;"13";"";1712;1200;;;0;0;"Lst 11/13";"";0;EUR;202422;EUR;0
8363H;00;1508;"13";"";1612;1200;;;0;0;"kartenz. aldi";"";0;EUR;8363;EUR;0
5906H;09;4530;"13";"";1612;1200;;;0;0;"kartenz. jet tankstelle";"";1900;EUR;5906;EUR;0
13990H;00;1508;"13";"";1612;1200;;;0;0;"kartenz. karstadt privat";"";0;EUR;13990;EUR;0
56500H;01;4580;"13";"";1712;1200;;;0;0;"Ebay kauf 4 Winterräder  (ohne";"";0;EUR;56500;EUR;0
9565H;00;1508;"13";"";1712;1200;;;0;0;"paypal digitaldrive";"";0;EUR;9565;EUR;0
109125H;09;200;"13";"";1712;1200;;;0;0;"arveno apple mac book";"";1900;EUR;109125;EUR;0
1875H;00;1508;"13";"";1712;1200;;;0;0;"paypal autoshopbre";"";0;EUR;1875;EUR;0
13380H;09;4540;"13";"";1712;1200;;;0;0;"special service gmbh autoteile";"";1900;EUR;13380;EUR;0
472H;00;4925;"13";"";1712;1200;;;0;0;"Mastercard amazon web service";"";0;EUR;472;EUR;0
9600H;09;4540;"13";"";1712;1200;;;0;0;"schmidt a. bremsbeläge bmw";"";1900;EUR;9600;EUR;0
97H;00;4925;"13";"";1712;1200;;;0;0;"Mastercard amazon web service";"";0;EUR;97;EUR;0
1H;00;4970;"13";"";1712;1200;;;0;0;"Mastercard auslandeinsatz";"";0;EUR;1;EUR;0
958H;09;4806;"13";"";1712;1200;;;0;0;"csl compurter kab micro";"";1900;EUR;958;EUR;0
33948H;09;480;"13";"";1712;1200;;;0;0;"oli com- conon faxgerät";"";1900;EUR;33948;EUR;0
1176H;00;1508;"13";"";1712;1200;;;0;0;"kartenz. lidl privat";"";0;EUR;1176;EUR;0
6390H;00;4910;"13";"";1712;1200;;;0;0;"kartenz. deutsche post  -";"";0;EUR;6390;EUR;0
1132H;00;1508;"13";"";1812;1200;;;0;0;"kartenz. jaffa stores - privat";"";0;EUR;1132;EUR;0
5698H;09;4530;"13";"";1812;1200;;;0;0;"Aral vo 16.12.13";"";1900;EUR;5698;EUR;0
1055828S;00;8400;"2013/10";"";1812;1200;;;0;0;"gulp consultung";"";1900;EUR;1055828;EUR;0
55000S;00;1360;"13";"";1812;1200;;;0;0;"kaba soft  - umbuchung-";"";0;EUR;55000;EUR;0
54502H;09;4806;"13";"";1912;1200;;;0;0;"team viewer update v. buisines";"";1900;EUR;54502;EUR;0
3013H;09;4920;"13";"";1912;1200;;;0;0;"telekom mobilfunk 11/13";"";1900;EUR;3013;EUR;0
5430H;09;4530;"13";"";2012;1200;;;0;0;"kartenz. jet tank. diesel";"";1900;EUR;5430;EUR;0
10000H;00;1508;"13";"";2312;1200;;;0;0;"barauszahlung privat";"";0;EUR;10000;EUR;0
2085H;00;1508;"14";"";2312;1200;;;0;0;"kartenz. jaffa store privat";"";0;EUR;2085;EUR;0
10847H;00;1742;"14";"";2312;1200;;;0;0;"knappschaft 12/13";"";0;EUR;10847;EUR;0
3486H;00;1508;"14";"";2312;1200;;;0;0;"kartenz. lidl privat";"";0;EUR;3486;EUR;0
3132H;09;4530;"14";"";2712;1200;;;0;0;"kartenz. jet tank.  diesel";"";1900;EUR;3132;EUR;0
1111H;09;2110;"14";"";3012;1200;;;0;0;"sollzinsen  12/13";"";1900;EUR;1111;EUR;0
556H;09;4970;"14";"";2712;1200;;;0;0;"kreditprovision";"";1900;EUR;556;EUR;0
1482H;09;4970;"14";"";2712;1200;;;0;0;"konotführung 12/13";"";1900;EUR;1482;EUR;0
2176S;00;2650;"12";"";1812;1252;;;0;0;"zinsen für guthaben";"";0;EUR;2176;EUR;0
544H;00;2213;"12";"";1812;1252;;;0;0;"sparkasse";"";0;EUR;544;EUR;0
29H;00;2216;"12";"";1812;1252;;;0;0;"zinsen für guthaben";"";0;EUR;29;EUR;0
55000H;00;1360;"12";"";1812;1252;;;0;0;"kaba soft  - umbuchung-";"";0;EUR;55000;EUR;0
2245S;00;2650;"12";"";0112;1252;;;0;0;"zinsen für guthaben";"";0;EUR;2245;EUR;0
561H;00;2213;"12";"";0112;1252;;;0;0;"sparkasse";"";0;EUR;561;EUR;0
30H;00;2216;"12";"";0112;1252;;;0;0;"sparkasse";"";0;EUR;30;EUR;0
617578H;00;1740;"0";"";0112;1508;;;0;0;"Gehalt Bintou Mady 11/13";"";0;EUR;617578;EUR;0
145H;00;4910;"0";"";0911;1000;;;0;0;"pwz";"";0;EUR;145;EUR;0
145H;00;4910;"0";"";1411;1000;;;0;0;"pwz";"";0;EUR;145;EUR;0
109H;00;4910;"0";"";1911;1000;;;0;0;"pwz";"";0;EUR;109;EUR;0
1600H;00;4920;"0";"";2111;1000;;;0;0;"telefonkarte";"";0;EUR;1600;EUR;0
1600H;00;4920;"0";"";2611;1000;;;0;0;"telefonkarte";"";0;EUR;1600;EUR;0
800H;00;4920;"0";"";2711;1000;;;0;0;"telefonkarte";"";0;EUR;800;EUR;0
1198H;09;4980;"";"";2211;1000;;;0;0;"media markt stick uws";"";1900;EUR;1198;EUR;0
1150H;09;4530;"";"";3011;1000;;;0;0;"autowäsche";"";1900;EUR;1150;EUR;0
4171H;09;4530;"";"";0211;1000;;;0;0;"tankstelle diesel";"";1900;EUR;4171;EUR;0
10900H;09;4540;"";"";0911;1000;;;0;0;"os autoteile anlasser f. bmw";"";1900;EUR;10900;EUR;0
35000H;00;1740;"";"";3011;1000;;;0;0;"gehalt sabtiou kpegouni 11/13";"";0;EUR;35000;EUR;0
2001H;09;4530;"";"";0410;1000;;;0;0;"aral diesel";"";1900;EUR;2001;EUR;0
28900H;00;3400;"";"";2810;1000;;;0;0;"notebook ibw think pat bestand";"";1900;EUR;28900;EUR;0
15000H;00;3400;"";"";2810;1000;;;0;0;"notebookl heaven ibw bestand";"";1900;EUR;15000;EUR;0
1300H;00;4920;"";"";0412;1000;;;0;0;"telefonkarte";"";0;EUR;1300;EUR;0
1300H;00;4920;"";"";0511;1000;;;0;0;"telefonkarte";"";0;EUR;1300;EUR;0
1050H;00;4920;"";"";1012;1000;;;0;0;"telefonkarte";"";0;EUR;1050;EUR;0
2000H;00;4920;"";"";1512;1000;;;0;0;"telefonkarte";"";0;EUR;2000;EUR;0
500H;00;4920;"";"";1512;1000;;;0;0;"telefonkarte";"";0;EUR;500;EUR;0
500H;00;4920;"";"";1512;1000;;;0;0;"telefonkarte";"";0;EUR;500;EUR;0
100H;00;4920;"";"";0112;1000;;;0;0;"telefonkarte";"";0;EUR;100;EUR;0
100H;00;4920;"";"";0112;1000;;;0;0;"telefonkarte";"";0;EUR;100;EUR;0
1390H;08;4940;"";"";0512;1000;;;0;0;"presse + buch fachzeitschrift";"";700;EUR;1390;EUR;0
1713065H;00;1410;"11-618";"";1212;8400;;;0;0;"gulp consulting";"";1900;EUR;1713065;EUR;0
23670H;00;1780;"0";"";3112;1736;;;0;0;"ust 11/13";"";0;EUR;23670;EUR;0
1074570H;00;1410;"2013/12";"";2312;8400;;;0;0;"gulp consuting";"";1900;EUR;1074570;EUR;0
27641H;09;4920;"0";"";3112;1700;;;0;0;"telekom mobilfunk 12/13";"";1900;EUR;27641;EUR;0
18499S;00;1590;"0";"";1503;1780;;;0;0;"ust 01/13";"";0;EUR;18499;EUR;0
14400H;00;1781;"0";"";1503;1590;;;0;0;"ust vz 2013 ber.";"";0;EUR;14400;EUR;0
32899S;00;1780;"0";"";1503;1590;;;0;0;"ust 01/13";"";0;EUR;32899;EUR;0
78627S;00;1780;"0";"";3112;1545;;;0;0;"ust 12/13";"";0;EUR;78627;EUR;0
1785H;00;4970;"0";"";3112;1700;;;0;0;"depotentgelt sparkasse 2013";"";0;EUR;1785;EUR;0
